run,T,beta_max,step,beta,elapsed,simple_acc,simple_kl,simple_rcr,nested_acc,nested_kl,nested_rcr,random_acc,random_kl,random_rcr
main_b01,8,0.1,100,0.00659,3.3,0.9261,13.7211,3.0944,0.7041,6.9997,2.7444,0.1261,2.5703,2.7105
main_b01,8,0.1,200,0.013189,6.5,0.9639,11.3186,2.9437,0.938,6.3234,2.6323,0.1265,1.7612,2.6867
main_b01,8,0.1,300,0.019673,9.7,0.9516,8.5882,2.829,0.9525,6.2884,2.5574,0.1234,1.7292,2.5974
main_b01,8,0.1,400,0.02599,12.9,0.9643,6.7062,2.7142,0.9419,5.8837,2.5104,0.1201,1.8305,2.5488
main_b01,8,0.1,500,0.032091,16.1,0.9248,5.8981,2.6945,0.976,5.2346,2.4986,0.1255,1.8365,2.4988
main_b01,8,0.1,600,0.037938,19.4,0.9497,4.076,2.5658,0.9493,3.9832,2.4171,0.1258,1.9084,2.4935
main_b01,8,0.1,700,0.043496,22.6,0.9627,3.6419,2.5687,0.9364,3.7537,2.4461,0.1213,1.9717,2.4443
main_b01,8,0.1,800,0.048742,25.9,0.9259,2.9408,2.4921,0.9783,2.7731,2.2937,0.1259,2.1701,2.4505
main_b01,8,0.1,900,0.053658,29.4,0.9259,2.8261,2.4901,0.9783,2.7705,2.3516,0.1263,2.1902,2.4091
main_b01,8,0.1,1000,0.058234,32.8,0.9762,2.6804,2.4953,0.9291,2.8802,2.4035,0.1249,2.2652,2.4019
main_b01,8,0.1,1100,0.062469,36.2,0.9486,2.7844,2.4918,0.9469,2.5579,2.344,0.1291,2.2287,2.3347
main_b01,8,0.1,1200,0.066366,39.7,1.0,2.6253,2.5048,0.9,2.6837,2.4219,0.1263,2.277,2.3125
main_b01,8,0.1,1300,0.069934,43.1,0.9873,2.264,2.4243,0.9106,2.2313,2.3161,0.1257,2.3443,2.2807
main_b01,8,0.1,1400,0.073183,46.5,0.9259,2.3922,2.4532,0.9783,2.3221,2.3486,0.1251,2.3617,2.2256
main_b01,8,0.1,1500,0.076131,49.9,0.9881,2.1829,2.4219,0.9129,2.2784,2.3749,0.1247,2.3547,2.1992
main_b01,8,0.1,1600,0.078795,53.4,0.9635,2.2798,2.4619,0.942,2.3209,2.4288,0.1244,2.3689,2.1869
main_b01,8,0.1,1700,0.081193,56.8,0.9623,2.3715,2.4429,0.9387,2.3206,2.3678,0.1219,2.4902,2.1791
main_b01,8,0.1,1800,0.083345,60.4,0.9633,2.0763,2.3576,0.9369,2.1529,2.3283,0.126,2.4772,2.1684
main_b01,8,0.1,1900,0.085271,63.8,0.9743,2.308,2.4858,0.9258,2.2506,2.4142,0.1239,2.4749,2.1455
main_b01,8,0.1,2000,0.08699,67.2,0.9623,2.1714,2.4068,0.9387,2.0755,2.3383,0.1221,2.5905,2.125
main_b01,8,0.1,2100,0.088521,70.7,0.9747,2.1679,2.4212,0.9274,2.1885,2.3954,0.1235,2.5433,2.1114
main_b01,8,0.1,2200,0.089881,74.1,1.0,2.1868,2.4337,0.9,2.1323,2.4155,0.1292,2.4609,2.0493
main_b01,8,0.1,2300,0.091088,77.6,0.9259,1.9621,2.287,0.9783,1.9185,2.2239,0.1214,2.5234,2.0251
main_b01,8,0.1,2400,0.092157,81.1,0.9613,2.1105,2.3565,0.9363,2.0891,2.3347,0.1213,2.6254,2.0469
main_b01,8,0.1,2500,0.093102,84.6,0.9484,2.0915,2.3334,0.9475,2.0723,2.3297,0.1241,2.6108,2.0143
main_b01,8,0.1,2600,0.093937,88.0,0.9367,2.0057,2.3594,0.9631,2.032,2.3692,0.1302,2.5551,2.0058
main_b01,8,0.1,2700,0.094674,91.5,0.9623,1.9588,2.3455,0.9387,1.9187,2.2982,0.1235,2.5782,1.9816
main_b01,8,0.1,2800,0.095323,94.9,0.9497,2.0961,2.4214,0.9503,2.0568,2.3829,0.1227,2.5803,1.9789
main_b01,8,0.1,2900,0.095895,98.3,0.9624,2.0081,2.3859,0.9397,1.9929,2.3672,0.1249,2.6368,1.9815
main_b01,8,0.1,3000,0.096398,101.8,0.9378,2.0145,2.3821,0.9631,2.0318,2.3847,0.1259,2.5195,1.9224
T8_b00,8,0.0,100,0.0,4.6,0.9032,25.6511,3.5049,0.6627,12.3219,3.007,0.1278,3.9634,2.984
T8_b00,8,0.0,200,0.0,8.8,1.0,78.1124,4.3183,0.8435,25.0764,3.2962,0.124,3.3951,3.1606
T8_b00,8,0.0,300,0.0,12.9,0.9378,117.7983,4.7001,0.9631,53.6659,3.7114,0.1236,3.8257,3.2191
T8_b00,8,0.0,400,0.0,17.2,0.9369,137.3817,4.853,0.9329,71.7319,3.9734,0.1227,3.8853,3.3023
T8_b00,8,0.0,500,0.0,21.4,0.9635,134.5863,4.8095,0.9397,74.9974,4.0397,0.1215,3.8199,3.36
T8_b00,8,0.0,600,0.0,25.0,0.9735,156.8597,4.9786,0.9212,92.1492,4.2347,0.1235,4.2987,3.3614
T8_b00,8,0.0,700,0.0,28.6,0.9355,178.2824,5.2474,0.9615,107.6161,4.4615,0.1246,4.3731,3.3454
T8_b00,8,0.0,800,0.0,32.2,0.9505,150.4021,4.9434,0.9525,91.1084,4.2511,0.1253,4.4539,3.39
T8_b00,8,0.0,900,0.0,35.8,0.926,157.3117,4.958,0.9643,118.3684,4.5618,0.1258,4.3587,3.2988
T8_b00,8,0.0,1000,0.0,39.4,0.9235,187.305,5.2568,0.9726,123.3086,4.5819,0.1253,4.4808,3.2871
T8_b00,8,0.0,1100,0.0,43.0,0.9885,179.8286,5.1909,0.9145,116.1215,4.5627,0.1238,4.5759,3.3069
T8_b00,8,0.0,1200,0.0,46.6,0.9877,175.0888,5.1521,0.9145,122.656,4.6647,0.1241,4.5175,3.2516
T8_b00,8,0.0,1300,0.0,50.1,0.9616,190.9471,5.2412,0.9364,133.7457,4.7132,0.1273,4.4364,3.1838
T8_b00,8,0.0,1400,0.0,54.1,0.9248,205.6347,5.4258,0.976,138.1608,4.812,0.1251,4.8342,3.1867
T8_b00,8,0.0,1500,0.0,59.0,0.9368,208.6083,5.3848,0.9475,151.958,4.9043,0.1306,4.3201,3.0438
T8_b001,8,0.01,100,0.001312,4.7,0.9401,23.1232,3.4298,0.6757,11.0548,2.9447,0.1281,3.4474,2.9252
T8_b001,8,0.01,200,0.002593,9.0,0.9735,42.5902,3.8106,0.8921,16.7932,3.0319,0.1245,2.623,2.9663
T8_b001,8,0.01,300,0.003788,13.3,0.9605,35.0129,3.6113,0.9341,21.9444,3.1138,0.1255,2.5208,2.923
T8_b001,8,0.01,400,0.004869,17.7,0.9497,20.7114,3.2104,0.9509,17.7846,3.0035,0.1287,2.3402,2.828
T8_b001,8,0.01,500,0.005819,22.0,0.9513,15.5755,3.0956,0.9548,13.6216,2.8798,0.1249,2.5292,2.8149
T8_b001,8,0.01,600,0.006633,26.5,0.9749,12.4592,2.9662,0.9239,11.201,2.7985,0.1222,2.3811,2.7025
T8_b001,8,0.01,700,0.007315,30.7,0.9614,10.9222,2.9489,0.9346,9.9785,2.7736,0.1233,2.5603,2.6938
T8_b001,8,0.01,800,0.007877,34.9,0.9375,9.0097,2.8493,0.9654,8.4033,2.7039,0.1283,2.7445,2.6275
T8_b001,8,0.01,900,0.008332,39.3,0.9623,7.2284,2.7716,0.9387,7.0799,2.6399,0.1207,2.6763,2.5483
T8_b001,8,0.01,1000,0.008697,43.5,0.9245,8.14,2.866,0.9726,7.4013,2.7206,0.127,2.8688,2.5179
T8_b001,8,0.01,1100,0.008987,47.8,0.9483,7.0602,2.8122,0.9486,6.9515,2.7311,0.1243,2.9479,2.5087
T8_b001,8,0.01,1200,0.009215,52.1,1.0,6.5788,2.8006,0.9,6.3007,2.6941,0.1224,2.8862,2.4175
T8_b001,8,0.01,1300,0.009393,56.3,0.9501,5.3133,2.652,0.9509,5.0345,2.5652,0.1266,3.0101,2.3882
T8_b001,8,0.01,1400,0.009532,60.5,0.9486,6.0077,2.7664,0.9469,5.7132,2.6809,0.1255,2.9833,2.3407
T8_b001,8,0.01,1500,0.009639,64.9,0.9,5.8437,2.7892,1.0,5.4603,2.6617,0.1223,3.2627,2.3307
T8_b01,8,0.1,100,0.013124,4.7,0.9162,9.692,2.9105,0.6973,5.0082,2.6031,0.1261,1.9642,2.6249
T8_b01,8,0.1,200,0.025928,9.0,0.9495,8.0614,2.7934,0.9451,5.0043,2.5153,0.1244,1.4349,2.6052
T8_b01,8,0.1,300,0.037881,13.6,0.9862,5.7425,2.7005,0.9106,4.4767,2.4247,0.1245,1.511,2.5709
T8_b01,8,0.1,400,0.048691,18.0,0.9249,4.6585,2.6073,0.9749,4.4879,2.4129,0.1217,1.5078,2.4935
T8_b01,8,0.1,500,0.05819,22.3,0.9386,3.8329,2.5919,0.9654,3.6396,2.3702,0.1235,1.751,2.5108
T8_b01,8,0.1,600,0.066329,26.5,0.9635,2.9263,2.4899,0.9403,2.6583,2.2428,0.1217,1.7117,2.4396
T8_b01,8,0.1,700,0.073152,30.8,0.9503,2.9433,2.5066,0.9507,2.9612,2.2912,0.1237,1.7934,2.4033
T8_b01,8,0.1,800,0.07877,35.1,0.9507,2.7538,2.473,0.9491,2.673,2.2807,0.1283,1.8885,2.368
T8_b01,8,0.1,900,0.083325,39.3,0.9485,2.5184,2.4377,0.9493,2.4147,2.2395,0.1211,2.0221,2.3598
T8_b01,8,0.1,1000,0.086974,43.6,0.9365,2.474,2.4516,0.958,2.3835,2.2807,0.1267,1.981,2.3198
T8_b01,8,0.1,1100,0.089868,47.8,0.9503,2.5587,2.4671,0.9507,2.4665,2.2787,0.1242,2.0999,2.2867
T8_b01,8,0.1,1200,0.092147,52.1,0.9862,2.2463,2.3867,0.9106,2.1313,2.2179,0.1213,2.11,2.2438
T8_b01,8,0.1,1300,0.093929,56.3,0.9497,2.3016,2.408,0.9493,2.3084,2.2855,0.1268,2.1926,2.2224
T8_b01,8,0.1,1400,0.095317,60.6,0.9375,2.1455,2.395,0.9654,2.0944,2.2685,0.1265,2.2014,2.204
T8_b01,8,0.1,1500,0.096393,64.9,0.9497,2.2653,2.4199,0.9503,2.2115,2.2864,0.1245,2.2635,2.1759
T8_b10,8,1.0,100,0.131239,4.7,0.8491,1.8901,2.3046,0.6463,1.3846,2.3249,0.1269,0.6629,2.2878
T8_b10,8,1.0,200,0.259277,8.9,0.9487,1.3172,2.1618,0.9178,1.0987,2.0351,0.1248,0.5386,2.1653
T8_b10,8,1.0,300,0.378808,13.2,0.9509,1.161,2.1524,0.9509,1.0591,1.9807,0.1243,0.5404,2.1583
T8_b10,8,1.0,400,0.486908,17.5,0.9367,0.823,2.1192,0.9655,0.7944,1.9497,0.1257,0.5203,2.1554
T8_b10,8,1.0,500,0.581902,21.6,0.9497,0.8039,2.1679,0.9493,0.7742,1.9666,0.1255,0.4981,2.1337
T8_b10,8,1.0,600,0.663291,25.8,0.9378,0.7621,2.1645,0.9631,0.7628,1.9592,0.1214,0.4147,2.0805
T8_b10,8,1.0,700,0.731525,30.0,0.9361,0.6672,2.1264,0.962,0.6629,1.9393,0.1295,0.3756,2.0507
T8_b10,8,1.0,800,0.787697,34.1,0.9247,0.6159,2.138,0.9783,0.6406,1.9754,0.1235,0.2651,1.9918
T8_b10,8,1.0,900,0.833247,38.4,0.9254,0.5351,2.0856,0.9765,0.4941,1.8852,0.1269,0.2215,1.9675
T8_b10,8,1.0,1000,0.869737,42.7,0.9492,0.484,2.0524,0.9474,0.4831,1.8775,0.1265,0.1706,1.9107
T8_b10,8,1.0,1100,0.898683,46.9,0.9386,0.4723,2.0716,0.9654,0.455,1.8864,0.1263,0.1457,1.8735
T8_b10,8,1.0,1200,0.921468,51.3,1.0,0.4357,2.0822,0.9,0.4107,1.8854,0.1267,0.1409,1.8657
T8_b10,8,1.0,1300,0.939292,55.6,0.9373,0.4531,2.0888,0.962,0.446,1.9119,0.1268,0.1381,1.8431
T8_b10,8,1.0,1400,0.953169,59.8,0.9378,0.3964,2.0378,0.9631,0.4012,1.8769,0.1227,0.1119,1.8304
T8_b10,8,1.0,1500,0.963933,64.1,0.9497,0.3616,2.0274,0.9503,0.3501,1.8392,0.1237,0.0992,1.7952
T1_b01,1,0.1,100,0.013124,1.4,0.5125,2.8784,7.5315,0.2498,3.1798,7.7473,0.1198,2.0737,6.9812
T1_b01,1,0.1,200,0.025928,2.5,0.7901,2.3902,7.3754,0.6268,2.5245,7.4727,0.1184,1.6957,7.0405
T1_b01,1,0.1,300,0.037881,3.5,0.8629,2.754,7.4828,0.8892,2.4352,7.5162,0.1223,1.5322,7.3784
T1_b01,1,0.1,400,0.048691,4.5,0.9624,2.8815,7.4225,0.8743,2.2356,7.405,0.1231,1.4767,7.5139
T1_b01,1,0.1,500,0.05819,5.5,0.8973,2.4425,7.2173,0.923,2.0112,7.3673,0.1219,1.5251,7.7791
T1_b01,1,0.1,600,0.066329,6.7,0.9486,2.3623,7.0286,0.9341,1.9979,7.245,0.1191,1.5031,7.7159
T1_b01,1,0.1,700,0.073152,8.0,0.8988,2.3766,6.9968,0.9726,1.9893,7.2572,0.1223,1.559,7.8166
T1_b01,1,0.1,800,0.07877,9.1,0.9245,2.1802,6.7685,0.9597,1.9507,7.1218,0.1233,1.5826,7.7646
T1_b01,1,0.1,900,0.083325,10.1,0.9228,2.0734,6.6737,0.9257,1.8637,7.0558,0.1227,1.5485,7.7127
T1_b01,1,0.1,1000,0.086974,11.2,0.9245,2.1245,6.6589,0.9726,1.9168,7.0372,0.12,1.5817,7.6696
T1_b01,1,0.1,1100,0.089868,12.2,0.9363,2.0091,6.523,0.9486,1.8245,6.9183,0.1203,1.5943,7.6164
T1_b01,1,0.1,1200,0.092147,13.2,0.9495,2.0202,6.4743,0.9451,1.8459,6.8762,0.1199,1.5985,7.5582
T1_b01,1,0.1,1300,0.093929,14.3,0.9751,1.9426,6.4858,0.9129,1.8054,6.898,0.1201,1.6226,7.572
T1_b01,1,0.1,1400,0.095317,15.5,0.9754,1.973,6.4612,0.9235,1.9174,6.8977,0.1229,1.677,7.5505
T1_b01,1,0.1,1500,0.096393,16.5,0.9631,1.93,6.3909,0.9403,1.818,6.7975,0.1177,1.6738,7.4894
T1_b0,1,0.0,100,0.0,1.4,0.4979,6.7698,10.9342,0.2451,7.4298,11.1577,0.1202,4.9679,10.2032
T1_b0,1,0.0,200,0.0,2.5,0.8394,6.8767,11.06,0.5687,7.4498,11.1837,0.1171,4.5323,10.2903
T1_b0,1,0.0,300,0.0,3.5,0.8622,9.4383,11.7974,0.9143,7.6532,11.4016,0.1181,4.0768,10.7142
T1_b0,1,0.0,400,0.0,4.5,0.9622,12.4546,12.6487,0.9216,7.7731,11.7092,0.1249,4.0827,11.244
T1_b0,1,0.0,500,0.0,5.6,0.9631,12.7476,12.7526,0.938,7.5442,11.8429,0.1267,4.2386,11.632
T1_b0,1,0.0,600,0.0,6.6,0.9485,15.1594,13.0982,0.9493,8.3791,12.0515,0.1239,4.4131,11.7761
T1_b0,1,0.0,700,0.0,7.7,0.951,15.7737,13.1869,0.9514,8.343,12.1344,0.1257,4.4115,11.9097
T1_b0,1,0.0,800,0.0,8.7,0.9257,16.587,13.1305,0.9742,9.2332,12.12,0.1233,4.5423,11.8747
T1_b0,1,0.0,900,0.0,9.7,0.9623,16.8707,13.1853,0.9387,9.1435,12.1742,0.1252,4.5348,11.9259
T1_b0,1,0.0,1000,0.0,10.8,0.9615,17.1635,13.1153,0.9323,9.3895,12.1317,0.1268,4.556,11.8646
T1_b0,1,0.0,1100,0.0,11.9,0.9501,16.2725,13.0199,0.9532,8.6912,12.0656,0.125,4.5507,11.8978
T1_b0,1,0.0,1200,0.0,13.3,0.9741,17.9537,13.188,0.9217,9.2893,12.1717,0.1269,4.5752,11.9564
T1_b0,1,0.0,1300,0.0,14.4,0.9885,15.8074,12.8254,0.9145,9.0169,12.1025,0.1262,4.6205,11.9034
T1_b0,1,0.0,1400,0.0,15.5,0.9516,16.7693,12.8897,0.9525,9.9551,12.1598,0.1245,4.6522,11.8767
T1_b0,1,0.0,1500,0.0,16.6,1.0,17.4043,12.9275,0.9,9.7789,12.0852,0.125,4.6006,11.8359
